variable_id,source,survey,question_text,plain_meaning,response_options,notes
diagnosed_highbloodpressure,Hillsborough,Health Survey,Have you ever been diagnosed with or treated for high blood pressure (hypertension)?,Self-reported hypertension diagnosis,Yes | No | Unsure | Prefer not to answer,Maps to hypertension phenotype (DIRECT match)
diagnosed_respiratoryissues,Hillsborough,Health Survey,Have you ever been diagnosed with asthma or other respiratory issues?,Self-reported asthma/respiratory diagnosis,Yes | No | Unsure | Prefer not to answer,Maps to asthma phenotype but OVER-BROAD (asthma conflated with other respiratory issues)
diagnosed_cardiovascularcondition,Hillsborough,Health Survey,Have you ever been diagnosed with heart disease or any cardiovascular condition?,Self-reported any cardiovascular condition,Yes | No | Unsure | Prefer not to answer,Only available proxy for atrial_fibrillation; NOT AF-specific (any CVD). AF not reliably ascertainable from this survey
diagnosed_cancer,Hillsborough,Health Survey,Have you ever been diagnosed with any form of cancer?,Self-reported any cancer diagnosis,Yes | No | Prefer not to answer,Gateway for all 3 cancer phenotypes; specific type comes from cancer_specify
cancer_specify,Hillsborough,Health Survey,"If yes, please specify type(s):",Free-text cancer type(s),free text,Parse text for colorectal/colon/rectal | prostate | breast to assign the specific cancer phenotype
diagnosed_type2diabetes,Hillsborough,Health Survey,Have you ever been diagnosed with Type 2 diabetes?,Self-reported type 2 diabetes,Yes | No | Unsure | Prefer not to answer,Not among the 6 target phenotypes; recorded for completeness
diagnosed_kidneydisease,Hillsborough,Health Survey,Have you ever been diagnosed with kidney disease or experienced renal issues?,Self-reported kidney disease,Yes | No | Unsure | Prefer not to answer,Not among the 6 target phenotypes; recorded for completeness
diagnosed_liverdisease,Hillsborough,Health Survey,"Have you ever been diagnosed with liver disease (e.g., hepatitis, fatty liver disease)?",Self-reported liver disease,Yes | No | Unsure | Prefer not to answer,Not among the 6 target phenotypes; recorded for completeness
diagnosed_metabolicissues,Hillsborough,Health Survey,Have you ever been diagnosed with obesity or weight-related metabolic issues?,Self-reported obesity/metabolic issues,Yes | No | Unsure | Prefer not to answer,Not among the 6 target phenotypes; recorded for completeness
diagnosed_neurologicalconditions,Hillsborough,Health Survey,Have you ever been diagnosed with a neurological condition (such as Alzheimer's or Parkinson's disease)?,Self-reported neurological condition,Yes | No | Prefer not to answer,Not among the 6 target phenotypes; recorded for completeness
